Respondent_ID,E_Pred,A_Pred,O_Pred,C_Pred,N_Pred
10460010474,3.6891152768621702,4.484750181738319,4.0397684809892205,4.693936606648892,1.6881803130607753
10440103178,3.5791618804785004,4.218866297644211,4.087411464465075,4.389605609029205,2.009822298897898
10440099430,3.4769760110385004,4.35979720621506,3.905494146402556,4.45217683040919,2.007217224673504
10460189074,3.595618616658274,4.259393275843433,4.02901749385941,4.52024889956298,1.9909672927512452
10459700329,3.767610349570827,4.3026640568837875,4.031992625662775,4.4979104003481165,1.8720602270743372
10460024065,3.7182019319508552,4.302740201716899,4.179983313749904,4.565385803038703,1.9790006837211702
10459761104,3.0564900445547014,4.196064762904211,3.730389977896538,4.251790146135845,2.2106916305096176
10450672336,3.545876910651363,4.3668817076428805,4.093280175150159,4.596617257279917,1.8431818841571914
10446115503,3.7338724276037527,4.280433491604884,3.9818236810538408,4.4729788446891625,1.8704811554400271
10460085966,3.3967795197173154,3.981953255834576,3.9113195682972326,4.347466980324506,2.125938603715808
10459784598,3.565380867057473,4.042352929427236,3.992370092823253,4.3031789086177135,2.30489786556348
10460000561,3.6167228815548764,4.25880043174419,3.917623219130461,4.512634719912567,1.9234230327436308
10462835839,3.2180255309187524,4.110791193326423,3.7425136298664405,4.3029530484182406,2.2125753871809586
10459901781,3.5824855384563064,4.1918743063006625,4.165789425937589,4.511979846727938,1.947532053471483
10459819347,3.646932696338432,4.380724012706388,3.6470514053417,4.558746525945367,1.9353255378608931
10460284914,3.1906888130297935,3.7484178066049125,3.5011569621575713,4.176013702763516,2.253647184392613
10462839939,3.4953546237050146,4.073323079823737,3.6945879767808374,4.271464765356397,2.180466692366852
10446139949,3.0379940501696483,3.911931693451678,3.5662464887828973,4.1028110900426125,2.413019254996017
10459663664,3.2556980610816915,4.246202507622449,3.6222600891002075,4.538071052669363,2.082045308139849
10460214167,3.5758179740829257,4.338284726610887,4.1095229975334435,4.582733090778518,1.9144918979183745
10459943758,3.540174449647869,4.281618546546335,3.9585661274105735,4.515425394757635,2.0768060600003455
10462876988,3.1355115423173983,4.094978687573991,3.7302594220784018,4.213472011146692,2.150935938904914
10440106826,3.679224504091189,4.280802414193432,3.8880024989722215,4.58647243851911,2.0311659239768667
10459694726,3.4205450975376586,4.172120203428662,3.7462310106988497,4.458297301364008,2.093153827631469
10459917778,3.1254660484584114,4.060144213590744,3.930030211769451,4.299427739708435,2.3336949093524555
10460085519,3.6489281675394833,4.439030801689988,4.10397958851097,4.561926592454252,1.947753233371947
10462854256,3.1367043300940844,3.9041425849688838,3.6355071267799164,4.141508680007167,2.342875961711862
10440133625,3.6219309950461143,4.41021594948732,4.040057572041658,4.452215897761684,2.035273819764066
10459943941,3.528083070113043,4.458837868845466,3.980625253824862,4.571472081359932,1.828427305750096
10462975391,3.397749355593943,4.247888745320208,3.7417144375690983,4.276455604731324,2.1854944164945995
10459910058,3.5061736558107808,4.143195539214393,4.0431942880936225,4.4224607341013185,1.9838539844272125
10459660058,3.4122458169739716,4.245534827941536,3.956169225871702,4.532073834934858,1.9880794295706063
10440148040,3.8014619945786454,4.383393289782271,3.8524734931203617,4.580798933621791,1.8773639699744653
10460029573,3.3942621028073314,4.011665479040788,3.6317489997975163,4.257973697608071,2.145785892613359
10459683378,3.6595147735609315,4.308139224223579,4.261241262388591,4.534627796970697,2.029083171498453
10460015614,3.4795627340274304,4.092045800394767,3.97782426656566,4.359468210646395,2.1077390313283044
10459825415,3.285570168025908,4.189387723904312,3.943775681120493,4.458984410458906,2.111910872901541
10459781559,3.526057589330521,4.259790763930788,3.9764390482138783,4.507497517290474,1.9570282289287182
10446120539,3.514690230935526,4.283847242087728,4.070206397432965,4.516893585791282,1.9839022538531121
10440130868,3.5323832756235456,4.450257531690278,4.098230391947563,4.698292303079855,2.024426676780485
10440118374,3.7699300709332886,4.280770511974801,3.8584624690475646,4.434804253841378,2.065238065647532
10459850916,3.3820205686568037,4.297647540119465,3.9459238986719276,4.382793062736364,2.103242548298518
10446129596,3.6286647337192135,4.30510243345228,4.0444040718041165,4.711467374216442,1.997433332041
10440118779,3.4918413104908304,4.417713381907859,3.637677961244681,4.6027859312251245,1.9082665800412766
10460048704,3.571242474939336,4.317541737277762,3.9371385600593123,4.526859376192695,2.093397409173725
10460091047,3.4222733937614147,4.319975321749291,3.908242843447135,4.528156191550038,2.00873423049329
10459669406,3.478592688791075,4.275165142972218,3.982519624519233,4.383923018982845,2.0352912553872207
10440099664,3.5166362369701303,4.0788643801689135,3.834662818281639,4.451855109822593,1.9672763375792224
10460028457,3.1375783484491917,4.312413438900905,3.6294372892765656,4.5412899872775006,2.223853724823519
10440103141,3.3650014262290973,4.175371568449277,4.001676035854154,4.337626030783324,2.027318217929066
10440113634,3.3042162367827097,3.944758812468456,3.7078584983414338,4.347307664251969,2.1969861800126376
10460090916,3.5592144235657237,4.2506698609650035,3.874911765032858,4.5503615694335995,1.9804400357933518
10459864349,3.401379830736485,4.005823809579237,3.880321981401584,4.495307768379868,2.0070409991969353
10462928701,3.5542777924258684,3.98006005279844,3.8160660235646477,4.267811394232908,2.185437139238552
10459807763,3.219052000913733,4.033902870150438,3.783008809917799,4.465752691878444,2.0704871123648925
10446115513,3.59332033634202,4.3708669663526125,3.978366739968693,4.5235919647481175,1.9964092024573132
10459682286,3.4752023798658924,4.262919844531399,4.004139576272138,4.479581297279546,2.1575184150941817
10460123574,3.6130664523496345,4.2286637688944255,3.952480195937926,4.555005464424325,2.0044029208712804
10459713629,3.3485021327708164,4.035664080589361,4.014127659743914,4.319527769410686,2.094690879313227
10462860542,3.1097993785939884,4.28349592957868,4.051012995698039,4.319963265784214,2.233310165415833
10459660672,3.20304757477496,3.980034126872472,3.699113616544831,4.304364566006744,2.2127818275228854
10459970271,3.7754659387745866,4.558505779468143,3.7744163869337592,4.725896377600719,1.684163894890157
10459733601,3.3398171945466357,3.994929900601006,3.805362518852872,4.089224625266942,2.3593117853370114
10459750194,3.3750099429203204,4.046990140662143,3.887559960430631,4.289308010726538,2.0669139706752184
10459728252,3.4549136332141583,4.2149087817450335,3.9883356152357075,4.535486116089267,2.05721092380142
10459697683,3.5891088581390687,4.057725127193683,3.7821319751191447,4.340758505985613,2.0854447351778598
10459661249,3.468464388120287,4.2272111434784705,3.771046309155766,4.464496135551974,2.265513563813973
10440138555,3.4042505453587895,4.110278022006801,3.7951990049242723,4.501117035368977,2.097143969531798
10446109281,3.327995225635646,4.045609260228476,3.7665257549672346,4.263679802166881,2.2882920451408046
10440097924,3.6314245128768086,4.106993437830839,3.8393491579215366,4.2798453810537564,1.9327098910679712
10459770847,3.5323735952162543,4.337629283361835,3.9331795367310596,4.495820365787219,1.9076559195380702
10446113108,3.3736414036397853,4.19483492540671,3.7689392284908427,4.2656580845985745,2.074700337473748
10460023819,3.5423409950428257,4.384075763882309,3.9056545629050126,4.600577559874812,1.9105997203806209
10440105074,3.4812487796091642,4.1742515608585995,3.9207998139923887,4.3830719559588065,1.9804296604404334
10459661016,3.2346170885664436,4.06483867678735,3.6765541185297987,4.24908428521204,2.207202728382076
10460107447,3.4420167200742733,4.053720533796685,3.8335872333007375,4.3845515078944235,2.133641997212008
10440097709,3.697677330097671,4.337649761862505,4.165273145446628,4.485829311089452,1.979579189335671
10440124716,3.3585131210415593,4.0676245832285645,3.853929144039353,4.375824088419052,2.094121342891184
10440104837,3.4824453177061963,4.002207903072969,3.985765773600848,4.392744915453628,2.0088435833308194
10442498639,3.3734871487360163,4.13103455137404,3.687298576044016,4.688086033993956,2.0240160879175075
10440129443,3.719805210951617,4.33248910994749,4.196362997959875,4.591059406310712,2.0332520309308695
10440101535,3.579924654899274,4.140413150144445,4.253876514055418,4.49702456134773,1.9598253998845254
10459715404,3.405684745770297,4.3057328988071895,3.7622084924885395,4.562418969324984,1.885127952779652
10459681718,3.5252366374090474,4.127122114969525,3.8454087358944813,4.408985773420701,1.9903663703934429
10459865210,3.304336288459325,4.127540262592275,3.8028412088247285,4.323828319446234,2.1659333834722503
10459753996,3.3797265262293203,4.119112314331889,3.9535929880894196,4.374071290603218,2.111041670753703
10440103427,3.5511106243485724,4.04434471226729,3.9890635450926952,4.426919639440741,2.0430558118584856
10459975891,3.584028548678915,4.226737898848321,3.888779949168204,4.510453671446872,1.84818575883389
10459667728,3.5256219926940684,4.162215143554919,3.7952809748182648,4.440015769722605,2.1272260688415936
10459723538,3.229331516278326,3.850618908608776,3.585003674895649,4.32937127771533,2.3016739893446063
10459662134,3.5455370464869276,4.36587879125107,4.082645149182814,4.622800098369597,1.8017946569422014
10460070033,3.6150971305318733,4.310208104306499,3.8905495440733353,4.55316859732466,1.8756982299712794
10441702977,3.6528589099406714,4.26916745205369,4.205260648138449,4.708593960888513,1.8638121062805135
10459992544,3.350829097453538,4.06053999917281,3.820807579116909,4.461385906787877,2.1392389394921656
10440159676,3.5094129216381926,4.056021484784466,3.9558257427132606,4.3942043317857955,2.1081985659659837
10459816539,3.4603131259702002,4.325611810696975,4.150003369670849,4.541552596062977,2.1690266502001907
10459675449,3.248235452663114,3.9632513493130253,3.661270554270524,4.247625445780524,2.2387937676920506
10459741343,3.5048514076022155,4.266878967218499,4.126100555005124,4.6054131203004705,1.889124085209404
10460416398,3.5618846449461135,3.9784879108384645,3.9258025386580417,4.387367983785272,2.1765629445780195
10462862616,3.19075264215147,4.095462027754734,3.593316809277506,4.215043180877969,2.2231932006120863
10459811998,3.451339605967534,4.2617487566405465,3.9705200616846548,4.552764133804871,1.9998881164168718
10459663815,3.2173884546525167,3.9803290466172196,3.450079530555303,4.232511328446085,2.296871928645065
10440105920,3.5990322453891723,4.188557780540186,3.813882205126472,4.338887568242614,2.1715361645360822
10459700672,3.328319054742753,4.142581081574787,3.6869465187951245,4.337410439234747,2.1900845575877677
10459661024,3.2398215050923,3.918632833741113,3.6732647791075568,4.202096068452342,2.325012877473758
10462869614,3.424193987170261,4.2672076556415135,3.9003806547828477,4.4400819673874485,1.9855789514368396
10440097360,3.4101093841357755,4.088072889581366,3.897472855017887,4.595562749388839,1.9694095466768486
10459865516,3.775492250632153,4.145403584751341,4.098682788572751,4.439785997378002,2.0484210378179655
10440118622,3.5945601009443062,4.2240289755450355,3.8581749015800537,4.4415495449968825,2.006837233185213
10462911189,3.3776318997778545,4.179236232925732,3.7884463603573932,4.257112838610089,2.282567378465313
10459663825,3.1077679644104963,4.074194592493625,3.7207378220593474,4.363030511382697,2.1645651154871883
10446150933,3.567312107099946,4.20687181988783,3.927486054954716,4.596446180857074,1.8724459966808584
10440099165,3.484733999961919,4.228161067564007,3.936166847017126,4.491902924124511,2.015456504496117
10446146957,3.4831092071127348,4.08652514615032,3.8958615042138027,4.370210264683516,2.1321884329198197
10459822014,3.213846505525562,4.1096705668453675,4.044831297950096,4.333716253697146,2.2405027323674545
10440098918,3.5355769185999724,4.145346993439675,3.916700077946472,4.31710500879747,2.094797049568503
10459740633,3.405814608452402,4.054821078568065,3.8623286915696475,4.463057971164554,2.1724988567434025
10459682550,3.3842063852783597,4.270706953974181,3.789192956232931,4.537006341678513,2.0539848091246724
10440097623,3.262993475687507,3.9595098905357835,3.89628258609683,4.311438202732995,2.378303814432347
10460017508,3.5279732580741676,4.260071613636525,3.937914952837659,4.520677858053327,1.9582156517281302
10440098374,3.620412472999773,4.1456387766324925,3.9821480671696157,4.274244225326937,2.30762184518234
10440154403,3.3355494025004573,4.137570754914652,3.6539420399307594,4.241639376281478,2.2869319778757258
10440100268,3.440014529291197,4.17615215043866,4.069212324239246,4.425177858582289,2.1165954947526755
10440112633,3.4492085221492936,4.176627840653653,3.8887008581011706,4.356669163712534,2.0234035226047875
10459697769,3.3799175973764393,4.2880665337895305,3.944972883465847,4.489379020194527,1.94225803601035
10440169726,3.3706330162450087,4.038218249193767,3.7963459292926074,4.384005472142039,2.0802922413294236
10440162616,3.4626052813689876,4.139976980062064,3.648617135287239,4.4566745963514265,2.2373644882911297
10459664091,3.602308002239627,4.241439933504977,4.051047353965008,4.496527423826019,2.137889879261782
10440111726,3.451328006409786,4.071459576132052,3.7815684301848633,4.526480152161001,2.018572865139997
10459698339,3.403573726732571,4.20874000004751,3.740296269799017,4.383518287733609,1.9784575813892418
10459785137,3.2801670881366514,4.256603775259465,4.059780311828212,4.507037153302051,2.07802924279683
10454409896,3.533228408854731,4.22929393852089,3.9851361077224023,4.3073596914737236,2.059472643485378
10459851537,3.5043797792647333,4.330960467069298,4.151342816374197,4.524098637040648,2.1849020806430945
10440098975,3.7873891295423805,4.0755502099279814,3.8343179309726874,4.4263785632455965,1.9442565082439656
10446120006,3.403333739325718,4.104920356483548,4.015174274099791,4.487192772917902,2.13040453201439
10440113309,3.4753175180371416,4.20199951976819,3.9012591333984146,4.487426169753066,2.0562825057555587
10440097866,3.516599132813778,4.260989279462438,4.031420118537478,4.411653863611705,1.9746330051042646
10459871523,3.4317973479334634,4.106194129259306,3.677470188800327,4.274559016423522,2.287969874841531
10460073425,3.368042589675323,4.052723882199884,3.808048678818096,4.3291956205153195,2.171042818410999
10459978224,3.6151478199437377,4.216464512200079,3.7927690719045892,4.2006284241107,2.008277352869276
10440100166,3.5150381226903185,3.99731070742057,3.920557623135688,4.266170188066847,2.0457926758205454
10442517053,3.303929088674447,4.284451156661602,3.8512655653089607,4.531724169247603,2.2562593079789437
10459697552,3.431778742739863,4.179142605633792,3.773791600908365,4.337410111899086,2.0718339798596617
10459706468,3.3033281636956517,4.239586991977962,3.928422380530311,4.4233325234387015,2.182675225859583
10440152948,3.537534920872421,4.156791447762552,3.9833164445669875,4.522999063034301,1.9097232388915903
10459805609,3.991883125386995,4.465262891291146,4.332670988405118,4.633699279745086,1.6846830836996909
10459890784,3.5242785813856488,4.136976251063658,3.9033891260292726,4.383813138594497,2.0026762480186493
10459660434,3.408590406907992,3.869093588807905,3.76664140461368,4.178405616088644,2.3235000603948563
10459721559,3.5796199597487144,4.199223980638216,4.131957313451963,4.416212132885358,1.9695839258920367
10440175045,3.206535975102912,4.27723877882376,3.757626067342195,4.490062805726482,2.1523675382897975
10460048335,3.4681498570595917,4.338238430533421,3.7990911796459668,4.469212820497582,1.9755463268731428
10459985088,3.345534775163342,3.9350323609160816,3.5819116203739765,4.410986667175941,2.1400528278551287
10446118370,3.35693865580093,4.208594850844067,3.8688847247870943,4.3945092913498245,2.157195544569361
10459659253,3.550633780371114,4.251167752049864,3.8654304008118126,4.560040105924194,1.9904465365574269
10459912983,3.4883671776378176,4.3895524336948695,4.042149555431957,4.48261421722266,1.926613284810119
10462864423,3.5638499586375745,4.295993993154047,3.9758633732898456,4.552437387021288,2.2295285927390904
10462958549,3.346277510290952,4.292853660502308,3.7354876819077143,4.588881139519512,1.9707433431577737
10459714000,3.553273400617207,4.201504324867123,4.039290280576094,4.340078722738965,2.0806945311047653
10440097968,3.617377846471097,4.134345192717961,4.165964743824504,4.565379583857631,2.212396846228729
10440165901,3.3273680393908442,3.9406989382744806,3.616490036535866,4.2897374103919175,2.277599690768456
10440167915,3.4193831568664406,4.218269815140827,3.954087122709145,4.459627212100944,2.0792825727913753
10459802247,3.2277344080721693,3.9195211762077347,3.5435147321099043,4.2877604812766545,2.285953378613989
10459659619,3.1985957042435107,4.139855295536798,3.797599147370189,4.429385943166958,2.0795396178018613
10452480808,3.2189810493633404,4.1506272203333,3.8178902210177714,4.440751097362044,2.17554988019807
10460255307,3.3882862930763498,4.040391049341109,3.5246787888694118,4.291458002302489,2.1222239193855885
10440100386,3.5071047211652635,4.353992062648112,3.9450343955536837,4.7224748805829995,1.7697736371314747
10440103001,3.421007597146215,4.358901586307068,3.837820969419877,4.544703761113368,1.9257215776053471
10460002643,3.5633814732856592,4.235579269671504,3.9173667179470337,4.449054850438778,2.1344448377385996
10459979454,3.357802699429832,3.964813738633169,3.7510184335467938,4.444197054876389,2.182126168199405
10459662796,3.1876614291208734,4.300826511225742,3.8574275012397474,4.40239921230768,2.1371543828138373
10446109177,3.4114645539390827,4.235966035903671,3.9295097021047636,4.521408830614113,2.041990179222768
10459901542,3.3363156761847756,4.081049203094281,3.7638922721489023,4.400243778043085,2.104810679711525
10462888226,3.3787758936902934,4.02904997693362,3.9009590748249563,4.329491911072463,2.2967866986156724
10440112842,3.559422234324607,4.120562204693423,3.900843835479796,4.408140819791969,2.0224101406997974
10459950104,3.6219314492502646,4.21931045675547,4.00751010673544,4.587818287483067,1.9643173472533157
10440111607,3.3945589683008373,4.103919108778723,3.757918130751384,4.373570191469363,2.34259833659834
10446135113,3.2871782216342895,4.065573421653232,3.5647341014668363,4.316305362721702,2.280860059874306
10460208876,3.1871661187564797,4.115013437661301,3.803469395474438,4.330406161725938,2.2235219917150255
10459765422,3.3145893012480356,3.894915442304157,3.724633280631135,4.379590627857939,2.2871481396926474
10459746060,3.487755935092571,4.157951275962818,3.905150492681675,4.324145191001126,2.1008702795844623
10462987758,3.484473887687485,3.999135644073756,3.7928097204965328,4.318221312422737,2.175723527775446
10459951012,3.5649450256642,4.32326858073891,3.760205948410726,4.627143881920523,1.9180594195955274
10462982022,3.376974520333638,4.126917406136213,3.958295964197826,4.475210991292756,2.2006897289554086
10459720997,3.5222239715582107,4.0416327774789185,3.744338573537872,4.391331876018577,2.1842293699293416
10459850691,3.495397059230081,4.292022764574555,3.9398716708414856,4.5810948572345405,2.00863032841909
10462983718,3.0765818490790706,3.80415354160155,3.5224164800507745,4.258789740288408,2.383448097406208
10459685853,3.6124887777079335,4.297584346793137,3.967525354695649,4.461247624217583,1.9041799499981464
10459886825,3.5626179298191167,4.200213803384182,3.819911293318665,4.474781486515713,1.9021780706687212
10459868280,3.3154067304505075,4.0859406460459144,3.823749299217279,4.494518180251512,2.172641119067474
10459721582,3.280421806682672,4.167860958633378,3.8713536474417767,4.325964439911635,2.0852655683483823
10462882516,3.730080593525165,4.242053931265942,4.220913682772302,4.403926765852319,2.0152718970173074
10459710452,3.397363058248191,4.222176675450975,3.800477119138125,4.451207506591094,2.177699741631304
10459713826,3.513794047957739,4.1934950657812795,3.9219320462424596,4.362381645862695,2.110402044273407
10440110085,3.4172098875611083,4.399422226575451,3.816372769903178,4.503789175703822,1.912747574444775
10459740725,3.6241194375455943,4.410518234444636,4.225354440704088,4.69920432978751,1.8094554045011833
10450564161,3.6721418928346403,4.165372291894649,4.051536475906636,4.477093260107007,2.176330509873411
10441705348,3.6305488599135387,4.172991496319964,3.960544304754217,4.383279836762389,1.833284775264424
10460343014,3.5321095351018337,4.2689741756455915,4.0003132174777525,4.4430524429518075,2.0457157710412726
10459781383,3.485722767550963,4.3348581288675225,3.720150061976268,4.580479829986941,1.918665289613659
10459703248,3.6023957265228743,4.187712204975054,4.046262297071202,4.527164127646496,2.096835135385131
10459955547,3.2352328319262136,4.04166210156549,3.6481596962369194,4.284805266070655,2.2529270100786323
10456136899,3.6608328460917803,4.230824334684836,4.0284661269702395,4.5243088714539565,2.0221340419005083
10462907172,3.2333411850000657,4.29709958457936,3.968215269275255,4.493358640511244,2.0959359490440015
10459768768,3.3555279931964206,4.063682063854186,3.9167022628274895,4.344468122859239,2.2256589264068904
10446122651,3.8553109141687125,4.41605741509401,4.017396157128823,4.595262414348074,1.7997564881106485
10440097760,3.58234673367419,4.3269449679102125,4.1199814372791375,4.404107576319836,1.9572129360580952
10440172181,3.300824703662689,4.179868836556364,3.7691827533236326,4.366247569374139,2.0456463982059487
10440098238,3.4613860938502863,4.149958513968764,3.5856710239074494,4.4244202183935455,2.118337418718544
10459693938,3.4833158245345843,4.2213263837607515,4.019294245704604,4.5010234381224485,2.093558262902052
10459889106,3.618053836974376,4.433304274493335,4.07299694731369,4.523341755003329,1.9862169746510208
10459751544,3.577770038511798,4.302273315604923,4.136109578436655,4.498383497819117,1.97678605374367
10440163565,3.5277576605662597,4.288870655555857,3.903020546960719,4.360777680123139,1.911792813390477
10440150746,3.4093921634515376,4.26709859136439,4.047200900209305,4.528787080235674,2.0535283592753233
10459881487,3.5079242950037455,3.8655939887917,3.8130165380306233,4.262635191440174,2.340980902232989
10462906622,3.392131116473474,3.9593934747755255,3.654977366284388,4.280081503148627,2.192483480515764
10440105411,3.6203775391167214,4.153912520515874,3.950062725669687,4.31607230390282,2.0997977635382887
10460408817,3.4004025012302836,4.228135764788602,3.62039999442117,4.266238818546797,2.031462531108865
10459725282,3.4729998297093134,4.171377027264899,3.882690389003514,4.441199501095193,2.270044739296572
10446148338,3.3591719822551864,4.106348231684571,3.634721965631783,4.489005386513539,2.092686434086942
10460255391,3.3882697877445818,4.036965952768512,3.837240537210034,4.40395824021777,2.1161907412154717
10440121464,3.3981462941502647,3.8968323173645074,3.763799970760136,4.2473008314084915,2.4568617128683568
10459775214,3.455862944343419,4.080636325877267,3.6995295105231976,4.353700366461999,2.106894858576382
10459784536,3.355392128388708,4.127096049698364,3.7400023828538944,4.4604242837862875,1.9885139564309888
10462857264,3.483590100720967,4.132488703115836,3.9064659601734384,4.550159971443701,1.9973928355796349
10459832126,3.0861211944629345,4.113101649213638,3.7148500004861984,4.231290044780193,2.15773698584454
10459714577,3.318192727283618,3.9066389194023126,3.739755268244202,4.302210340829406,2.219005258589633
10459852320,3.7856189493124086,4.35155258424938,4.114521057899214,4.643132722921276,2.0557104685607466
10459779228,3.9417701282193955,4.401867432854778,3.990668293667601,4.642077988962952,1.7174678806824262
10459751309,3.5772029801522294,4.235632034846813,3.8236991136425913,4.497259423436516,1.90220231868228
10446158182,3.543288478398215,4.2445722006869415,3.979844159392645,4.519298024488515,2.0061976232767504
10440120276,3.513098375851752,4.332390401237339,3.964475149933572,4.404890741545693,1.928448516643056
10446129387,3.350972317671285,4.193126877548664,3.8684954771959887,4.340363529548983,2.080191775789898
10462862586,3.303256964352533,4.225370943426222,3.8661454774654076,4.357881839347837,2.1430384419937907
10459655596,3.330396787392194,4.100285461617416,3.79173191196672,4.250214482666503,2.1322246926450426
10459726995,3.6172622916129393,4.392123840392006,3.9214651163162824,4.480238488870913,1.6696007433636426
10459949321,3.5214158826335833,4.474466869514579,3.762510122546157,4.467517417934642,1.9929596118144313
10459763915,3.4311694844405163,4.219225047000197,3.905603917183355,4.463065913190013,2.2498694708101876
10440099578,3.534476041063319,4.1619218690232795,3.9906998259533384,4.495107638830664,2.0645603032841873
10459878208,3.6469780131888436,4.2909069253753485,4.031968076829305,4.396537478950723,2.034085206916091
10459871624,3.4139826096629897,4.192619268577249,3.8546168655009985,4.550581035888598,2.1140886990792858
10459894723,3.58771914610838,4.447402955928331,4.018288906589721,4.62346197778136,1.9219170697416286
10460294646,3.1960005829070264,4.088293124061037,3.6200560803963517,4.363364836853433,2.219456043735299
10460084354,3.8290564262528726,4.186153467269753,4.012991913986297,4.369397499689107,1.8102990258190292
10459728076,3.173270715202478,4.020539819436027,3.8239231168991594,4.279925463152457,2.3066948193225616
10459886224,3.49185779382524,4.194150084250138,3.7165223499929474,4.546557466840015,2.0940032375152104
10459739526,3.6030886594540013,4.280206784966605,3.892765378424753,4.513467729334536,2.0620282911299466
10440110290,3.759924390431188,4.472912904958125,4.323218707375896,4.484906194393341,1.9949370992448463
10459763298,3.42161134565019,3.9434620774048903,3.9924242107031147,4.346718535121047,2.335627092950609
10459750003,3.71429162344487,4.182948242270826,4.099901686520498,4.485071457839994,2.10214573270427
10446126060,3.668577365835297,4.211321071186796,4.046177558074691,4.47563522577982,2.1158457245595956
10459905551,3.4735424163238986,4.275754250536812,3.7675917908320304,4.484606639079569,1.9896896866243776
10440105559,3.1641137485401076,3.923532336922014,3.7906182180696386,4.068307209998968,2.2887232063217144
10440118814,3.427265052405809,4.0597488681961185,3.8116107607489775,4.4182953905280264,2.16444123994791
10440103877,3.5147837095854295,4.160849892396263,3.815307852892465,4.44494140945151,1.9698382035900412
10440108952,3.4034061184329296,4.013779561164194,3.8912931618910744,4.434123820553165,2.0882245291531762
10440098466,3.9975469404038737,4.466812327545122,4.201728071707642,4.709917604701228,1.7988546190770105
10459658267,3.387109501615078,4.27470855229442,3.7418991599696865,4.345014453827906,2.0283878747212563
10460085769,3.4586534971691942,4.231098008925364,3.9669642931661846,4.478823673470537,2.125776838576076
10446109739,3.434772607701475,4.273207108710013,3.8640397759575986,4.498574270123499,1.8870947312876003
10459993430,3.7749008350418225,3.966737022605673,3.8041550137941877,4.469797707849525,1.910843421012268
10449255347,3.5421392604848476,3.9714997849317046,3.908152699584756,4.214854836408217,2.1136375122863424
10459913762,3.673782240012276,4.3121019250613095,4.1437772285367975,4.408827540820424,1.9557768774566218
10459664168,3.7721602377755175,4.273432632168518,3.9490020853847496,4.48823629277394,1.9941499639244171
10440104708,3.471873667295675,4.161148876341464,3.614251183587397,4.4371379627814935,2.0991116695133147
10460200875,3.669018890992478,4.245161047168585,3.9718621427873524,4.47610864539049,2.1502105276052035
10440401305,3.538672430942105,4.244380105374561,3.7940998361869243,4.402156870148488,1.9734847042171983
10440104155,3.2141306840957804,4.11309096034522,3.786557026449599,4.431015108331966,2.1326548884155194
10446121716,3.296688485347728,4.209149764472434,3.8478689345976873,4.192574618221302,2.39265368345348
10460099569,3.534880737626046,4.27361847995429,4.080162564212348,4.463926526273127,2.1412983372727568
10460209018,3.407735661535173,3.981091304350877,3.99453169701393,4.34886083464968,2.305733710956384
10462968759,3.9975359969971516,4.362992943245885,4.174301794138419,4.7830799347199395,1.6392701709486008
10440101960,3.281389071789834,3.818740208827924,3.5209002078202785,4.188081074642987,2.2778691529399286
10440098915,3.3866178962847955,4.25754462822532,4.155274475310518,4.462583717658262,2.1582541221792466
10440102629,3.5936904084637704,4.178269665883037,3.946013841761445,4.503539168125664,2.101143873533793
10440118614,3.451184653554421,4.522223756412442,4.008116676495138,4.4955607119202625,1.7875160506921537
10440111393,3.3957107512549753,4.271633047573898,3.8484397509357477,4.464511459688564,2.1029075326527757
10462927102,3.3515962924079865,4.087543525264126,3.868875574743125,4.424175870525429,2.2613607143788736
10440117504,3.5510159015739435,4.293170487868406,3.950672174604161,4.452919844192748,1.9352924807371246
10440113995,3.121822276187426,3.875123267730135,3.773402374018967,4.246841555145193,2.5180299092576277
10440099190,3.2307467640414265,4.166683126657573,3.9482691733006967,4.4303146843405745,2.114548103870848
10446118358,3.4594111752021126,4.157704570871388,3.7685064158514137,4.332553222059787,2.1253408182993674
10462973582,3.1462696984504657,3.9323061768269403,3.680696170403975,4.052629295664658,2.581745808062851
10460299098,3.702074085024818,4.1728639145108914,4.132383420857112,4.484237154932164,2.1002531646187976
10440098367,3.4135470027094357,4.250469160835498,3.873311651884825,4.470187085569759,2.1121512040045944
10441717471,3.1098086205464552,3.9249922556164876,3.792422175234321,4.304118457042479,2.2305862008678945
10459778718,3.7770570166743482,4.386056378875922,4.268905040048841,4.541330732001708,1.8334934534597076
10462856179,3.4182258430078774,4.128882603701824,3.922841835336842,4.472739469841036,2.1185145103977323
10459730914,3.3305367755968804,3.971384945785786,3.66302995538931,4.255114696040216,2.2363018297487787
10460279012,3.209467630130384,4.046704498029275,3.8835246403909967,4.219047567388573,2.239604931817854
10462919856,3.315762988276888,4.114152755860346,4.019393541268073,4.27492343583177,2.231123068686164
10459825133,3.5140074808631705,4.176645366296767,3.9042110585161134,4.440113975629371,2.1397321966420364
10459708204,3.4321879703990468,4.062708445800854,3.794819663555306,4.32963233843714,2.1060774706852436
10462857786,3.2042113198238185,3.68615595256058,3.3815432552839972,4.081559017440349,2.4287604885013003
10459674145,3.0600310507950756,3.8097728511617794,3.608899573939004,4.164288969063234,2.142198005018603
10459731727,3.6134350533233217,4.458429256442811,3.9457101765962452,4.815553309492528,1.6822510656422693
10460095413,3.185572165883286,3.8402987436878413,3.534331798029349,4.145362444733535,2.363684875774199
10459955025,3.2968912029766893,3.97522655502953,3.8769580137251576,4.24229131165952,2.151163144285594
10460413642,3.6521413772457896,4.410081688170116,4.003475795773163,4.566009340246845,1.857966593041176
10460105559,3.4932310217739753,4.003400972297255,3.830617636374217,4.352954330350099,2.093498132621528
10440097909,3.66444635073474,4.333171963856158,4.117929307291091,4.637736130637989,1.931611343941622
